title,key,style,tempo,checked,audio_produced,chords,marked_,turnaround,composers
502 Blues,a,,,,,"Am7, Db^7, B%7, E7, Am7, Db^7, B%7, E7, Cm7, F7, Bb^7, Abm7, Db7, F#%7, B7, E^7, E^7, E7, Am7, Db^7, B%7, E7, Am7, Db^7, B%7, E7, Cm7, F7, Bb^7, Abm7, Db7, F#%7, B7, Em7, Em7",|Am7|Db^7|B%7|E7|Am7|Db^7|B%7|E7|Cm7|F7|Bb^7|Abm7 Db7|F#%7|B7|E^7|E^7 E7|Am7|Db^7|B%7|E7|Am7|Db^7|B%7|E7|Cm7|F7|Bb^7|Abm7 Db7|F#%7|B7|Em7|Em7|,0,"Rowles, Jimmy"
Across The Valley From The Alamo,F,,,,,"F^7, F^7, F^7, F^7, C7, C7, Gm7, C7, F^7, F^7, F^7, F^7, F^7, C7, C7, Gm7, C7, F^7, Bb^7, F^7, Bb^7, Bbm7, F^7, A7, Dm7, G7, G7, C7, F^7, F^7, F^7, F^7, C7, C7, Gm7, C7, F^7",|F^7|F^7|F^7|F^7|C7|C7|Gm7 C7|F^7|F^7|F^7|F^7|F^7|C7|C7|Gm7 C7|F^7|Bb^7|F^7|Bb^7 Bbm7|F^7|A7|Dm7 G7|G7|C7|F^7|F^7|F^7|F^7|C7|C7|Gm7 C7|F^7|,0,"Greene, Joe"
Afro Blue,f,,,,,"Fm7, Gm7, Ab^7, Gm7, Fm7, Fm7, Gm7, Ab^7, Gm7, Fm7, Eb^, Eb^, Db^, Eb^, Fm7, Eb^, Eb^, Db^, Eb^, Fm7",|Fm7|Gm7|Ab^7 Gm7|Fm7|Fm7|Gm7|Ab^7 Gm7|Fm7|Eb^|Eb^|Db^ Eb^|Fm7|Eb^|Eb^|Db^ Eb^|Fm7|,0,"Santamaria, Mongo"
All Of Me,C,,,,,"C^7, C^7, E7, E7, A7, A7, Dm7, Dm7, E7, E7, Am7, Am7, D7, D7, Dm7, G7, C^7, C^7, E7, E7, A7, A7, Dm7, Dm7, F^7, Fm6, Em7, A7, Dm7, G7, C6, Ebo7, Dm7, G7",|C^7|C^7|E7|E7|A7|A7|Dm7|Dm7|E7|E7|Am7|Am7|D7|D7|Dm7|G7|C^7|C^7|E7|E7|A7|A7|Dm7|Dm7|F^7|Fm6|Em7|A7|Dm7|G7|C6 Ebo7|Dm7 G7|,3,"Marks, Gerald"
Armando's Rhumba,c,,,,,"Cm7, D7, G7, Cm7, Cm7, D7, G7, Cm7, C7, Fm7, D7, Gm7, Abo7, D7, Bbsus, Bbsus, Bbsus, Bbsus, Eb6, Eb6, Eb6, Eb6, G7",|Cm7|D7|G7|Cm7|Cm7|D7|G7|Cm7|C7|Fm7|D7|Gm7|Abo7|D7|Bbsus|Bbsus|Bbsus|Bbsus|Eb6&Eb6&Eb6&Eb6|G7|,1,"Corea, Chick"
Autumn Leaves,g,,,,,"Cm7, F7, Bb^7, Eb^7, A%7, D7, Gm6, Gm6, Cm7, F7, Bb^7, Eb^7, A%7, D7, Gm6, Gm6, A%7, D7, Gm6, Gm6, Cm7, F7, Bb^7, Bb^7, A%7, D7, Gm7, Gb7, Fm7, E7, A%7, D7, Gm6, Gm6",|Cm7|F7|Bb^7|Eb^7|A%7|D7|Gm6|Gm6|Cm7|F7|Bb^7|Eb^7|A%7|D7|Gm6|Gm6|A%7|D7|Gm6|Gm6|Cm7|F7|Bb^7|Bb^7|A%7|D7|Gm7 Gb7|Fm7 E7|A%7|D7|Gm6|Gm6|,0,"Kosma, Joseph"
Avalon,B-,,,,,"Cm7, Cm7, F7, F7, Bb6, Bb6, Bb6, G7, Cm7, Cm7, F7, F7, Bb6, Bb6, Bb6, Bb6, Dm7, Dm7, G7, G7, Cm7, Cm7, Ebm7, Ab7, Bb6, Bb6, G7, G7, Cm7, F7, Bb6, Bb6",|Cm7|Cm7|F7|F7|Bb6|Bb6|Bb6|G7|Cm7|Cm7|F7|F7|Bb6|Bb6|Bb6|Bb6|Dm7|Dm7|G7|G7|Cm7|Cm7|Ebm7|Ab7|Bb6|Bb6|G7|G7|Cm7|F7|Bb6|Bb6|,0,"Jolson, Al & DeSylva, Buddy & Rose, Vincent"
Backstage Sally,f,,,,,"Fm6, D7, G7, C7, Ebm7, Ab7, Cm7, F7, Bbm6, Ab7, G7, Gb7, Fm7, Bb7, Ebm7, Ab7, D7, G7, C7, F7, Bb7, Eb7, G%7, C7, Fm6, D7, G7, C7, Fm7, Ab7, Db^, Gb7",|Fm6 D7|G7 C7|Ebm7 Ab7|Cm7 F7|Bbm6 Ab7|G7 Gb7|Fm7 Bb7|Ebm7 Ab7|D7 G7|C7 F7|Bb7 Eb7|G%7 C7|Fm6 D7|G7 C7|Fm7 Ab7|Db^ Gb7|,3,"Shorter, Wayne"
Ballade,F,,,,,"Cm7, F7, Bb^7, Bbm7, Eb7, Ab^7, Dm7, G7, Dm7, Dm7, G7, Gm7, D7, Gm7, C7, F^7, Dm7, A7, D7, D7, G7, G%7, C7, F6, F6",|Cm7 F7|Bb^7|Bbm7 Eb7|Ab^7 Dm7&G7|Dm7|Dm7 G7|Gm7 D7|Gm7 C7|F^7|Dm7 A7|D7|D7|G7|G%7 C7|F6|F6|,0,"Parker, Charlie"
"Baubles, Bangles And Beads",A-,,,,,"Bbm7, Eb7, Cm7, Fm7, Bbm7, Eb7, Ab^7, Ab^7, Dm7, G7, Em7, Am7, Dm7, G7, C^7, C^7, F#m7, B7, E^7, E^7, Bbm7, Eb7, Cm7, F7, Bbm7, Eb7, Cm7, F7, Bbm7, Eb7, Gb7, F7, Bbm7, Eb7, Ab^7, Ab^7",|Bbm7|Eb7|Cm7|Fm7|Bbm7|Eb7|Ab^7|Ab^7|Dm7|G7|Em7|Am7|Dm7|G7|C^7|C^7|F#m7|B7|E^7|E^7|Bbm7|Eb7|Cm7|F7|Bbm7|Eb7|Cm7|F7|Bbm7|Eb7|Gb7|F7|Bbm7|Eb7|Ab^7|Ab^7|,0,"Wright, Robert & Forrest, George"
Beatrice,F,,,,,"F^7, Gb^7, F^7, Eb^7, Dm7, Eb^7, Dm7, Cm7, Bbm7, Am7, Bb^7, E%7, A7, Dm7, Gm7, Gb^7, Fm7, Gb^7",|F^7|Gb^7|F^7|Eb^7|Dm7|Eb^7|Dm7 Cm7|Bbm7|Am7|Bb^7|E%7 A7|Dm7|Gm7|Gb^7|Fm7|Gb^7|,1,"Rivers, Sam"
"Beautiful Friendship, A",A-,,,,,"C^7, Gb7, F^7, E%7, A7, Am7, D7, Dm7, G7, C^7, Gb7, F^7, E%7, A7, Am7, D7, Dm7, G7, Gm7, C7, F^7, Bb7, Em7, A7, D7, G7, C^7, Gb7, F^7, E%7, A7, Dm7, G7, C6, A7, D7, G7",|C^7|Gb7|F^7|E%7 A7|Am7|D7|Dm7|G7|C^7|Gb7|F^7|E%7 A7|Am7|D7|Dm7|G7|Gm7|C7|F^7|Bb7|Em7|A7|D7|G7|C^7|Gb7|F^7|E%7 A7|Dm7|G7|C6 A7|D7 G7|,3,"Kahn, Donald"
Beautiful Love,d,,,,,"E%7, A7, Dm, Dm, Gm7, C7, F^7, E%7, A7, Dm, Gm7, Bb7, A7, Dm, G7, E%7, A7, E%7, A7, Dm, Dm, Gm7, C7, F^7, E%7, A7, Dm, Gm7, Bb7, A7, Dm, B7, Bb7, A7, Dm, Dm",|E%7|A7|Dm|Dm|Gm7|C7|F^7|E%7 A7|Dm|Gm7|Bb7|A7|Dm|G7|E%7|A7|E%7|A7|Dm|Dm|Gm7|C7|F^7|E%7 A7|Dm|Gm7|Bb7|A7|Dm B7|Bb7 A7|Dm|Dm|,0,"Young, Victor"
Bemsha Swing,C,,,,,"C^, A7, Ab7, Db7, C^, Eb7, D7, Db7, C^, A7, Ab7, Db7, C^, Ab7, Db7, Gb7, F^, D7, Db7, Gb7, F^, Ab7, G7, Db7, C^, A7, Ab7, Db7, C^, Db^7, Db^7",|C^ A7|Ab7 Db7|C^ Eb7|D7 Db7|C^ A7|Ab7 Db7|C^ Ab7|Db7 Gb7|F^ D7|Db7 Gb7|F^ Ab7|G7 Db7|C^ A7|Ab7 Db7|C^ Db^7|Db^7|,2,"Monk, Thelonious"
"Best Things In Life Are Free, The",C,,,,,"C6, C6, C^7, C^7, C6, C6, Ebo7, Dm7, G7, Dm7, Dm7, Dm7, Dm7, G7, Dm7, G7, C^7, C#o7, Dm7, G7, C7, C7, F^7, F^7, D7, D7, Dm7, G7, C6, C6, Em7, A7, Dm7, Dm7, G7, C6, C6",|C6|C6|C^7|C^7|C6|C6 Ebo7|Dm7|G7|Dm7|Dm7|Dm7|Dm7|G7|Dm7 G7|C^7 C#o7|Dm7 G7|C7|C7|F^7|F^7|D7|D7|Dm7|G7|C6|C6|Em7|A7|Dm7|Dm7 G7|C6|C6|,0,"DeSylva, B.G. & Brown, Lew & Henderson, Ray"
Bill Bailey,G,,,,,"G^, G^, G^, G^, G^, G^, Abo7, Am7, D7, D7, D7, D7, D7, D7, D7, G^, Am7, D7, G^, G^, G^, G^, Dm7, G7, C^, C^, C^, C#o7, G^, E7, A7, D7, G^, Am7, D7",|G^|G^|G^|G^|G^|G^ Abo7|Am7|D7|D7|D7|D7|D7|D7|D7|G^|Am7 D7|G^|G^|G^|G^|Dm7|G7|C^|C^|C^|C#o7|G^|E7|A7|D7|G^|Am7 D7|,2,Traditional
Birk's Works,f,,,,,"Fm6, G%7, C7, Fm6, C%7, F7, Bbm7, Bbm7, Fm6, Fm6, Abm7, Db7, G%7, C7, Fm6, Fm6",|Fm6|G%7 C7|Fm6|C%7 F7|Bbm7|Bbm7|Fm6|Fm6|Abm7 Db7|G%7 C7|Fm6|Fm6|,0,"Gillespie, Dizzy"
Blue Bossa,c,,,,,"Cm7, Cm7, Fm7, Fm7, D%7, G7, Cm7, Cm7, Ebm7, Ab7, Db^7, Db^7, D%7, G7, Cm7, D%7, G7",|Cm7|Cm7|Fm7|Fm7|D%7|G7|Cm7|Cm7|Ebm7|Ab7|Db^7|Db^7|D%7|G7|Cm7|D%7 G7|,2,"Dorham, Kenny"
Blue In Green,d,,,,,"Gm6, A7, Dm7, Db7, Cm7, F7, Bb^7, A7, Dm6, E7, Am7, Dm7, Gm6, A7, Dm6, Dm6",|Gm6|A7|Dm7 Db7|Cm7 F7|Bb^7|A7|Dm6|E7|Am7|Dm7|Gm6|A7|Dm6|Dm6|,0,"Davis, Miles & Evans, Bill"
Blue Lou,B-,,,,,"C%7, F7, C%7, F7, Bb^7, Eb^7, Cm7, F7, C%7, F7, C%7, F7, Bb^7, Eb^7, C7, F7, Bb^7, F^7, F#o7, Gm7, C7, F^7, F#o7, Gm7, C7, F7, C%7, F7, C%7, F7, Bb^7, Eb^7, C7, F7, Bb^7",|C%7|F7|C%7|F7|Bb^7|Eb^7|Cm7|F7|C%7|F7|C%7|F7|Bb^7|Eb^7|C7 F7|Bb^7|F^7|F#o7|Gm7|C7|F^7|F#o7|Gm7 C7|F7|C%7|F7|C%7|F7|Bb^7|Eb^7|C7 F7|Bb^7|,0,"Mills, Irving"
Blues For Alice,F,,,,,"F^7, E%7, A7, Dm7, G7, Cm7, F7, Bb7, Bbm7, Eb7, Am7, D7, Abm7, Db7, Gm7, C7, F7, D7, Gm7, C7",|F^7|E%7 A7|Dm7 G7|Cm7 F7|Bb7|Bbm7 Eb7|Am7 D7|Abm7 Db7|Gm7|C7|F7 D7|Gm7 C7|,-1,"Parker, Charlie"
Blues For Wood,f,,,,,"Fm7, Fm7, Fm7, Fm7, Db7, Db7, Fm7, Fm7, Db7, Bb^7, G%7, C7, Fm7",|Fm7|Fm7|Fm7|Fm7|Db7|Db7|Fm7|Fm7|Db7|Bb^7|G%7 C7|Fm7|,NT,"Shaw, Woody"
Bluesette,B-,,,,,"Bb^7, Bb^7, A%7, D7, Gm7, C7, Fm7, Bb7, Eb^7, Eb^7, Ebm7, Ab7, Db^7, Db^7, C#m7, F#7, B^7, B^7, Cm7, F7, Dm7, G7, Cm7, F7",|Bb^7|Bb^7|A%7|D7|Gm7|C7|Fm7|Bb7|Eb^7|Eb^7|Ebm7|Ab7|Db^7|Db^7|C#m7|F#7|B^7|B^7|Cm7|F7|Dm7|G7|Cm7|F7|,-1,"Thielemans, Toots"
Boo Boo's Birthday,C,,,,,"C^7, B7, E7, E7, F7, E7, Eb7, D7, Db^7, Db7, C^7, B7, E7, E7, F7, E7, Eb7, D7, Db^7, Db7, Gm7, Db7, Gb7, F^7, C^7, F^7, C^7",|C^7|B7|E7|E7|F7 E7|Eb7 D7|Db^7|Db7|C^7|B7|E7|E7|F7 E7|Eb7 D7|Db^7|Db7|Gm7|Db7 Gb7|F^7|C^7|F^7 C^7|,0,"Monk, Thelonious"
Booker's Waltz,A-,,,,,"Ab^7, Eb7, G%7, C7, Fm7, Db7, Bb7, Db7, Ab^7, B7, Bbm7, Eb7, Ab^7, Ab^7, A7, A7",|Ab^7|Eb7|G%7|C7|Fm7|Db7|Bb7|Db7|Ab^7|B7|Bbm7|Eb7|Ab^7|Ab^7|A7|A7|,2,"Little, Booker"
Bossa Antigua,A-,,,,,"Bbm7, Eb7, Cm7, Fm7, Bbm7, Eb7, Cm7, F7, Bbm7, Eb7, Cm7, Fm7, Bbm7, Dm7, G7, C^7, Am7, Dm7, G7, Em7, Am7, Dm7, G7, Cm7, F7, Bbm7, Eb7, Cm7, Fm7, Bbm7, Eb7, Ab^7, Ab^7",|Bbm7|Eb7|Cm7|Fm7|Bbm7|Eb7|Cm7|F7|Bbm7|Eb7|Cm7|Fm7|Bbm7|Dm7 G7|C^7|Am7|Dm7|G7|Em7|Am7|Dm7|G7|Cm7|F7|Bbm7|Eb7|Cm7|Fm7|Bbm7|Eb7|Ab^7|Ab^7|,0,"Desmond, Paul"
Boy Next Door,C,,,,,"Bb^7, G7, Cm7, F7, Bb^7, Gm7, C7, C7, Cm7, F7, Bb^7, Gm7, E%7, A7, Dm7, Db7, Cm7, F7, Bb^7, G7, Cm7, F7, Bb^7, Gm7, C7, B7, Bb^7, Bb^7, E%7, C7, Gb7, F7, Bb^7, Bb^7",|Bb^7|G7|Cm7|F7|Bb^7|Gm7|C7|C7|Cm7|F7|Bb^7|Gm7|E%7|A7|Dm7 Db7|Cm7 F7|Bb^7|G7|Cm7|F7|Bb^7|Gm7|C7|B7|Bb^7|Bb^7|E%7|C7|Gb7|F7|Bb^7|Bb^7|,0,"Martin, Hugh & Blane, Ralph"
Bright Mississippi,A-,,,,,"F7, F7, F7, F7, Bb7, Bb7, Bb7, Bb7, Eb7, Eb7, Eb7, Eb7, Ab^7, Ab^7, G%7, C7, F7, F7, F7, F7, Bb7, Bb7, Bb7, Bb7, Fm, C7, Fm, C7, Ab^7, F7, Bbm7, Eb7, Ab6",|F7|F7|F7|F7|Bb7|Bb7|Bb7|Bb7|Eb7|Eb7|Eb7|Eb7|Ab^7|Ab^7|G%7|C7|F7|F7|F7|F7|Bb7|Bb7|Bb7|Bb7|Fm|C7|Fm|C7|Ab^7|F7|Bbm7 Eb7|Ab6|,0,"Monk, Thelonious"
Broadway,B-,,,,,"Bb^7, Bb^7, Eb7, Eb7, Cm7, F7, Bb^7, G7, Cm7, F7, Bb^7, Bb^7, Eb7, Eb7, Cm7, F7, Bb6, Bb6, Fm7, Bb7, Eb^7, Eb^7, Ebm7, Ab7, Db7, Gb7, F7, Bb^7, Bb^7, Eb7, Eb7, Cm7, F7, Bb6, Bb6",|Bb^7|Bb^7|Eb7|Eb7|Cm7|F7|Bb^7 G7|Cm7 F7|Bb^7|Bb^7|Eb7|Eb7|Cm7|F7|Bb6|Bb6|Fm7|Bb7|Eb^7|Eb^7|Ebm7|Ab7|Db7|Gb7 F7|Bb^7|Bb^7|Eb7|Eb7|Cm7|F7|Bb6|Bb6|,0,"Woode, William Henri & Bird, Bill & McRae, Teddy"
Brotherhood Of Man,E-,,,,,"Eb^, Eb^, Eb^, Eb^, Eb^, Fm7, Gm7, C7, F7, Bb7, Eb^, Eb^, Ab7, Co7, Gm7, C7, Fm7, Bb7, Eb^, Bb7",|Eb^|Eb^|Eb^|Eb^|Eb^ Fm7|Gm7 C7|F7|Bb7|Eb^|Eb^|Ab7|Co7|Gm7 C7|Fm7 Bb7|Eb^|Bb7|,1,"Loesser, Frank"
Candy,B-,,,,,"Eb^7, Ebm6, Dm7, Dbo7, Cm7, F7, Bb6, Fm7, Bb7, Eb^7, Ebm6, Dm7, Dbo7, Cm7, F7, Bb6, Eb7, Bb6, Am7, D7, Dm7, G7, Gm7, C7, Cm7, F7, Bb7, Eb^7, Ebm6, Dm7, Dbo7, Cm7, F7, Bb6, Eb7, Bb6",|Eb^7|Ebm6|Dm7|Dbo7|Cm7|F7|Bb6|Fm7 Bb7|Eb^7|Ebm6|Dm7|Dbo7|Cm7|F7|Bb6 Eb7|Bb6|Am7|D7|Dm7|G7|Gm7|C7|Cm7|F7 Bb7|Eb^7|Ebm6|Dm7|Dbo7|Cm7|F7|Bb6 Eb7|Bb6|,0,Mack David & Joan Whitney & Alex Kramer
Central Park West,B,,,,,"B^7, Em7, A7, D^7, Bbm7, Eb7, Ab^7, Gm7, C7, F^7, C#m7, F#7, B^7, Em7, A7, D^7, C#m7, F#7, B^7, B6, B^7, B6, C#m7, F#7",|B^7 Em7&A7|D^7 Bbm7&Eb7|Ab^7 Gm7&C7|F^7 C#m7&F#7|B^7 Em7&A7|D^7 C#m7&F#7|B^7|B6|B^7|B6 C#m7&F#7|,3,"Coltrane, John"
Chucho,d,,,,,"Dm, E%7, A7, Dm, E%7, A7, Dm, E%7, A7, Dm, E%7, A7, Dm, E%7, A7, Dm, D7, Gm, Gm7, E%7, A7, Dm, Dbm, Cm7, F7, Bb7, E%7, A7, Dm, A7",|Dm|E%7 A7|Dm|E%7 A7|Dm|E%7 A7|Dm|E%7 A7|Dm|E%7 A7|Dm|D7|Gm Gm7|E%7 A7|Dm Dbm|Cm7 F7|Bb7|E%7 A7|Dm|A7|,1,"D'Rivera, Paquito"
Contemplation,c,,,,,"Cm7, Cm7, Cm7, Cm7, Cm7, Cm7, Cm7, Cm7, Ab^7, Ab^7, Ab^7, Ab^7, G7, G7, G7, G7",|Cm7|Cm7|Cm7|Cm7|Cm7|Cm7|Cm7|Cm7|Ab^7|Ab^7|Ab^7|Ab^7|G7|G7|G7|G7|,-1,"Tyner, McCoy"
"Cool One, The",G,,,,,"Bm7, E7, Bm7, E7, Am7, D7, Am7, D7, Bm7, E7, Bm7, E7, Am7, D7, Am7, D7, G^7, G^7, B%7, E7, C#%7, A%7, D7, G^7, C7, Bm7, E7, Bm7, E7, Am7, D7, Am7, D7",|Bm7|E7|Bm7|E7|Am7|D7|Am7|D7|Bm7|E7|Bm7|E7|Am7|D7|Am7|D7|G^7|G^7|B%7|E7|C#%7|A%7 D7|G^7|C7|Bm7|E7|Bm7|E7|Am7|D7|Am7|D7|,NT,"Golson, Benny"
Corcovado,C,,,,,"Am6, Am6, Abo7, Abo7, Gm7, C7, F^7, F^7, F^7, Fm7, Bb7, Em7, A7, D7, D7, Dm7, G7, Am6, Am6, Abo7, Abo7, Gm7, C7, F^7, F^7, F^7, Fm7, Bb7, Em7, Am7, Dm7, G7, Em7, A7, Dm7, G7, C6, C6",|Am6|Am6|Abo7|Abo7|Gm7|C7|F^7 F^7|F^7|Fm7|Bb7|Em7|A7|D7|D7|Dm7|G7|Am6|Am6|Abo7|Abo7|Gm7|C7|F^7 F^7|F^7|Fm7|Bb7|Em7|Am7|Dm7|G7|Em7|A7|Dm7|G7|C6|C6|,NT,"Jobim, Antonio Carlos"
Dancing In The Dark,C,,,,,"C^7, C^7, Co7, Co7, Dm7, Dm7, D%7, G7, C^7, Cm7, E%7, A7, D%7, D%7, D%7, Ab7, G7, C^7, C^7, Co7, Co7, Dm7, Dm7, D%7, D%7, G7, C^7, Cm7, Eb7, Db7, C6, D%7, Gsus, C6, Dm7, G7",|C^7|C^7|Co7|Co7|Dm7|Dm7|D%7|G7|C^7|Cm7|E%7|A7|D%7|D%7|D%7 Ab7|G7|C^7|C^7|Co7|Co7|Dm7|Dm7|D%7|D%7 G7|C^7|Cm7|Eb7|Db7|C6|D%7 Gsus|C6|Dm7 G7|,2,"Schwartz, Arthur"
Dearly Beloved,C,,,,,"Dm7, G7, Dm7, G7, Dm7, G7, Dm7, G7, C6, C6, Dm7, G7, C^7, C^7, Ebm7, Ab7, Ebm7, Ab7, Dm7, G7, Dm7, G7, Dm7, G7, Dm7, G7, C6, C6, D7, D7, Dm7, G7, C6, Em7, A7",|Dm7|G7|Dm7|G7|Dm7|G7|Dm7|G7|C6|C6|Dm7|G7|C^7|C^7|Ebm7 Ab7|Ebm7 Ab7|Dm7|G7|Dm7|G7|Dm7|G7|Dm7|G7|C6|C6|D7|D7|Dm7|G7|C6|Em7 A7|,2,"Kern, Jerome"
Donna Lee,A-,,,,,"Ab^7, F7, Bb7, Bb7, Bbm7, Eb7, Ab^7, Ebm7, Ab7, Db^7, Gb7, Ab^7, F7, Bb7, Bb7, Bbm7, Eb7, Ab^7, F7, Bb7, Bb7, G%7, C7, Fm, C7, Fm, C7, Fm, Bo7, Cm7, F7, Bbm7, Eb7, Ab^7, Bbm7, Eb7",|Ab^7|F7|Bb7|Bb7|Bbm7|Eb7|Ab^7|Ebm7 Ab7|Db^7|Gb7|Ab^7|F7|Bb7|Bb7|Bbm7|Eb7|Ab^7|F7|Bb7|Bb7|G%7|C7|Fm|C7|Fm|C7|Fm|Bo7|Cm7 F7|Bbm7 Eb7|Ab^7|Bbm7 Eb7|,2,"Charlie, Parker"
Don't Worry 'Bout Me,A-,,,,,"Bbm7, Eb7, Ab^7, Ab^7, Bbm7, Eb7, Ab6, Cm7, Bo7, Bbm7, Dbm6, Gb7, Gb7, G%7, C7, Fm7, Bb7, Bbm7, Eb7, Bbm7, Eb7, Ab^7, Ab^7, Ab^7, Ebm7, Ab7, Db^7, Db^7, Db^7, Gb7, Cm7, F7, Bbm7, Eb7, Ab6, Cm7, F7",|Bbm7|Eb7|Ab^7|Ab^7|Bbm7|Eb7|Ab6|Cm7 Bo7|Bbm7|Dbm6|Gb7|Gb7 G%7&C7|Fm7|Bb7|Bbm7|Eb7|Bbm7|Eb7|Ab^7|Ab^7|Ab^7|Ebm7 Ab7|Db^7|Db^7|Db^7|Gb7|Cm7|F7|Bbm7|Eb7|Ab6|Cm7 F7|,2,"Bloom, Rube"
Equinox,c#,,,,,"C#m7, C#m7, C#m7, C#m7, F#m7, F#m7, C#m7, C#m7, A7, G#7, C#m7, C#m7",|C#m7|C#m7|C#m7|C#m7|F#m7|F#m7|C#m7|C#m7|A7|G#7|C#m7|C#m7|,NT,"Coltrane, John"
Exactly Like You,C,,,,,"C6, C6, D7, D7, G7, G7, C6, Dm7, G7, C6, C6, D7, D7, G7, G7, C6, C7, F^7, Bb7, C6, Am7, Dm7, Fm6, G7, Em7, Ebo7, Dm7, G7, C6, C6, D7, D7, G7, G7, C6, Dm7, G7",|C6|C6|D7|D7|G7|G7|C6|Dm7 G7|C6|C6|D7|D7|G7|G7|C6|C7|F^7|Bb7|C6|Am7|Dm7|Fm6 G7|Em7 Ebo7|Dm7 G7|C6|C6|D7|D7|G7|G7|C6|Dm7 G7|,2,"McHugh, Jimmy"
Fine And Dandy,F,,,,,"F^7, Abo7, Gm7, C7, F^7, Abo7, Gm7, C7, F7, F7, Bb7, Bb7, Eb7, Eb7, Ab7, Gm7, C7, F^7, Abo7, Gm7, C7, F^7, Abo7, Gm7, C7, Cm7, F7, Bb^7, Bbm7, G7, Gm7, C7, F^7, F^7",|F^7|Abo7|Gm7|C7|F^7|Abo7|Gm7|C7|F7|F7|Bb7|Bb7|Eb7|Eb7|Ab7|Gm7 C7|F^7|Abo7|Gm7|C7|F^7|Abo7|Gm7|C7|Cm7|F7|Bb^7|Bbm7|G7|Gm7 C7|F^7|F^7|,0,"Swift, Kay"
"Fine Romance, A",C,,,,,"C6, C#o7, Dm6, D#o7, Em7, Am7, Dm7, G7, C6, Ebo7, Dm7, G7, Em7, A7, D7, G7, C6, C#o7, Dm6, D#o7, Em7, Am7, Dm7, G7, C6, C7, F^7, F#%7, B7, Em7, A7, Dm7, G7, C6, Dm7, G7",|C6|C#o7|Dm6|D#o7|Em7|Am7|Dm7|G7|C6|Ebo7|Dm7|G7|Em7|A7|D7|G7|C6|C#o7|Dm6|D#o7|Em7|Am7|Dm7|G7|C6|C7|F^7|F#%7 B7|Em7 A7|Dm7 G7|C6|Dm7 G7|,2,"Kern, Jerome"
Fools Rush In,C,,,,,"Dm7, G7, C^7, Am7, Dm7, G7, C^7, Am7, Dm7, G7, C6, Am7, D7, D7, G7, G7, Dm7, G7, C^7, Am7, Dm7, G7, E%7, A7, Dm7, Fm6, C^7, Am7, Dm7, G7, C6, Am7, Dm7, G7",|Dm7|G7|C^7|Am7|Dm7|G7|C^7|Am7|Dm7|G7|C6|Am7|D7|D7|G7|G7|Dm7|G7|C^7|Am7|Dm7|G7|E%7|A7|Dm7|Fm6|C^7|Am7|Dm7|G7|C6 Am7|Dm7 G7|,3,"Bloom, Rube"
Footprints,c,,,,,"Cm7, Cm7, Cm7, Cm7, Cm7, Cm7, Cm7, Cm7, Fm7, Fm7, Fm7, Fm7, Cm7, Cm7, Cm7, Cm7, D7, D7, Db7, Db7, Cm7, Cm7, Cm7, Cm7",|Cm7|Cm7|Cm7|Cm7|Cm7|Cm7|Cm7|Cm7|Fm7|Fm7|Fm7|Fm7|Cm7|Cm7|Cm7|Cm7|D7|D7|Db7|Db7|Cm7|Cm7|Cm7|Cm7|,0,"Shorter, Wayne"
Four On Six,g,,,,,"Gm7, Gm7, Gm7, Gm7, Cm7, F7, Bbm7, Eb7, Am7, D7, Ebm7, Ab7, Gm7, Gm7, Gm7, Cm7, F7, Bb^7, Gm7, Eb7, D7, Gm7, A%7, D7",|Gm7|Gm7|Gm7|Gm7|Cm7 F7|Bbm7 Eb7|Am7 D7|Ebm7 Ab7|Gm7|Gm7|Gm7|Cm7 F7|Bb^7 Gm7|Eb7 D7|Gm7|A%7 D7|,2,"Montgomery, Wes"
Freight Train,A-,,,,,"Ab^7, G%7, C7, Fm7, Em7, Ebm7, Ab7, Db^7, Dbm7, Gb7, Cm7, F7, Bm7, E7, Bbm7, Eb7, Cm7, F7, Bbm7, Eb7",|Ab^7|G%7 C7|Fm7 Em7|Ebm7 Ab7|Db^7|Dbm7 Gb7|Cm7 F7|Bm7 E7|Bbm7|Eb7|Cm7 F7|Bbm7 Eb7|,-1,"Flanagan, Tommy"
Friday The 13th,G,,,,,"G^7, F7, Eb7, D7, G^7, F7, Eb7, D7, G^7, F7, Eb7, D7, G^7, F7, Eb7, D7",|G^7 F7|Eb7 D7|G^7 F7|Eb7 D7|G^7 F7|Eb7 D7|G^7 F7|Eb7 D7|,NT,"Monk, Thelonious"
Funkallero,c,,,,,"D7, G7, Cm6, Cm6, D7, G7, Cm6, Cm6, Bbm7, Bbm7, Eb7, Ab^7, Db7, Cm7, Fm7, D7, G7, Cm6, Cm6",|D7|G7|Cm6|Cm6|D7|G7|Cm6|Cm6|Bbm7|Bbm7 Eb7|Ab^7 Db7|Cm7 Fm7|D7|G7|Cm6|Cm6|,0,"Evans, Bill"
Gary's Notebook,c,,,,,"Cm, Db7, Cm, Db7, Cm, Db7, Cm, Db7, Cm, Db7, Cm, Db7, Cm, Db7, Cm, C7, Fm6, F#7, Fm6, Fm6, Cm, Db7, Cm, Cm6, Ebm7, Ab7, Dm7, G7, Cm, Db7, Cm, Db7",|Cm|Db7|Cm|Db7|Cm|Db7|Cm|Db7|Cm|Db7|Cm|Db7|Cm|Db7|Cm|C7|Fm6|F#7|Fm6|Fm6|Cm|Db7|Cm|Cm6|Ebm7|Ab7|Dm7|G7|Cm|Db7|Cm|Db7|,1,"Morgan, Lee"
Girl Talk,F,,,,,"F^7, B7, Bb^7, Eb7, Am7, D7, Gm7, Am7, Bb6, C7, Fm7, Bbm7, G7, C7, Am7, D7, Am7, Bbm7, Cm7, D7, G7, C7, Bbm7, Am7, Dm7, Gm7, C7",|F^7 B7|Bb^7 Eb7|Am7 D7|Gm7&Am7&Bb6&C7|Fm7 Bbm7|G7 C7|Am7 D7|Am7&Bbm7&Cm7&D7|G7|C7 Bbm7|Am7 Dm7|Gm7 C7|,-1,"Hefti, Neal"
Glad To Be Unhappy,F,,,,,"Gm7, Eb^7, C7, C7, Gm7, Eb7, C7, C7, F^, F7, Bb^7, Bo7, F^7, Gm7, C7, F^7, Bb^7, Bo7, F^7, Gm7, C7, F^7, Gm7, Eb^7, C7, C7, F^7, Dm7, Gm7, C7, F^7, F^7",|Gm7|Eb^7|C7|C7|Gm7|Eb7|C7|C7&F^&F7|Bb^7 Bo7|F^7|Gm7 C7|F^7|Bb^7 Bo7|F^7|Gm7 C7|F^7|Gm7|Eb^7|C7|C7|F^7 Dm7|Gm7 C7|F^7|F^7|,0,"Rodgers, Richard"
"Good Life, The",A-,,,,,"Ab^7, Ab^7, Gm7, C7, Fm7, Fm7, D%7, G7, Db^7, Gb7, Ab^7, G%7, C7, Fm7, Bb7, Bbm7, Eb7, Ab^7, Ab^7, Gm7, C7, Fm7, Fm7, D%7, G7, Db^7, Gb7, Ab^7, F7, Bbm7, Ebsus, Eb7, Ab6, Bbm7, Eb7",|Ab^7|Ab^7|Gm7|C7|Fm7|Fm7|D%7|G7|Db^7|Gb7|Ab^7|G%7 C7|Fm7|Bb7|Bbm7|Eb7|Ab^7|Ab^7|Gm7|C7|Fm7|Fm7|D%7|G7|Db^7|Gb7|Ab^7|F7|Bbm7|Ebsus Eb7|Ab6|Bbm7 Eb7|,2,"Distel, Sacha"
Got A Match?,d,,,,,"Dm7, A7, Dm7, D7, Gm7, D7, Gm7, Gm7, Em7, A7, Fm7, Bb7, Eb^7, Em7, A7, Dm7, E%7, A7, Dm7, A7",|Dm7|A7|Dm7|D7|Gm7|D7|Gm7|Gm7|Em7 A7|Fm7 Bb7|Eb^7|Em7 A7|Dm7|E%7 A7|Dm7|A7|,1,"Corea, Chick"
Hackensack,F,,,,,"F6, Bb7, F6, Am7, D7, Gm7, C7, F6, C7, F6, Bb7, F6, Am7, D7, Gm7, C7, F6, F6, Bb7, Bo7, F6, Am7, D7, G7, G7, C7, Db7, F6, Bb7, F6, Am7, D7, Gm7, C7, F6, C7",|F6|Bb7|F6|Am7 D7|Gm7|C7|F6|C7|F6|Bb7|F6|Am7 D7|Gm7|C7|F6|F6|Bb7|Bo7|F6|Am7 D7|G7|G7|C7|Db7|F6|Bb7|F6|Am7 D7|Gm7|C7|F6|C7|,1,"Monk, Thelonious"
Half Nelson,C,,,,,"C^7, C^7, Fm7, Bb7, C^7, C^7, Bm7, E7, Bbm7, Eb7, Ab^7, Ab^7, Am7, D7, Dm7, G7, C^7, Eb^7, Ab^7, Db^7",|C^7|C^7|Fm7|Bb7|C^7|C^7|Bm7 E7|Bbm7 Eb7|Ab^7|Ab^7|Am7|D7|Dm7|G7|C^7 Eb^7|Ab^7 Db^7|,3,"Davis, Miles"
Hot House,C,,,,,"G%7, C7, Fm^7, Fm^7, D%7, G7, C^7, C^7, G%7, C7, Fm^7, Fm^7, D%7, G7, C^7, C^7, Cm7, F7, Bb^7, Bb^7, Ab7, Ab7, G7, G7, G%7, C7, Fm^7, Fm^7, D%7, G7, C^7, C^7",|G%7|C7|Fm^7|Fm^7|D%7|G7|C^7|C^7|G%7|C7|Fm^7|Fm^7|D%7|G7|C^7|C^7|Cm7|F7|Bb^7|Bb^7|Ab7|Ab7|G7|G7|G%7|C7|Fm^7|Fm^7|D%7|G7|C^7|C^7|,0,"Dameron, Tadd"
How High The Moon,G,,,,,"G^7, G^7, Gm7, C7, F^7, F^7, Fm7, Bb7, Eb^7, A%7, D7, Gm7, A%7, D7, G^7, Em7, Am7, D7, G^7, G^7, Gm7, C7, F^7, F^7, Fm7, Bb7, Eb^7, A%7, D7, G^7, Am7, D7, Bm7, E7, Am7, D7, G6, Am7, D7",|G^7|G^7|Gm7|C7|F^7|F^7|Fm7|Bb7|Eb^7|A%7 D7|Gm7|A%7 D7|G^7|Em7|Am7|D7|G^7|G^7|Gm7|C7|F^7|F^7|Fm7|Bb7|Eb^7|A%7 D7|G^7|Am7 D7|Bm7 E7|Am7 D7|G6|Am7 D7|,NT,"Lewis, Morgan"
Hungaria,G,,,,,"G6, G6, Ab6, Ab6, G6, G6, E7, E7, A7, A7, D7, D7, G^, Bbo7, Am7, D7, G6, G6, Ab6, Ab6, G6, G6, E7, E7, Am7, Cm6, G^, Bbo7, Am7, D7, G6, G6",|G6|G6|Ab6|Ab6|G6|G6|E7|E7|A7|A7|D7|D7|G^|Bbo7|Am7|D7|G6|G6|Ab6|Ab6|G6|G6|E7|E7|Am7|Cm6|G^|Bbo7|Am7|D7|G6|G6|,0,"Reinhardt, Django"
I Can't Believe...You're In Love...,C,,,,,"F6, Bb7, C^7, D7, G7, G7, C^7, Gm7, C7, F6, Bb7, C^7, D7, G7, G7, C6, F7, C6, E7, E7, A7, A7, D7, D7, G7, G7, C7, F6, Bb7, C^7, D7, G7, G7, C^7, Gm7, C7",|F6|Bb7|C^7|D7|G7|G7|C^7|Gm7 C7|F6|Bb7|C^7|D7|G7|G7|C6 F7|C6|E7|E7|A7|A7|D7|D7|G7|G7 C7|F6|Bb7|C^7|D7|G7|G7|C^7|Gm7 C7|,2,"McHugh, Jimmy"
I Fall In Love Too Easily,E-,,,,,"Fm7, Bb7, Eb^7, Ab^7, D%7, G7, Cm, A7, D%7, G7, Cm7, Cm7, A%7, D7, D%7, G7, A%7, D7, G7, G%7, C7, Fm7, C7, Fm7, Abm7, Db7, G7, C7, Fm7, Bb7, Eb6, C7",|Fm7 Bb7|Eb^7 Ab^7|D%7 G7|Cm A7|D%7 G7|Cm7 Cm7|A%7 D7|D%7 G7|A%7 D7|G7|G%7 C7|Fm7 C7|Fm7 Abm7&Db7|G7 C7|Fm7 Bb7|Eb6 C7|,1,"Styne, Jule"
I Love Paris,c,,,,,"Cm6, Cm6, Cm6, Cm6, Cm6, Cm6, D%7, G7, D%7, G7, D%7, G7, D%7, G7, Cm6, Cm6, G7, C6, C6, C6, C6, C6, Em7, Ebo7, Dm7, G7, F6, F6, Em7, A7, Dm7, G7, C6, D%7, G7",|Cm6|Cm6|Cm6|Cm6|Cm6|Cm6|D%7|G7|D%7|G7|D%7|G7|D%7|G7|Cm6|Cm6 G7|C6|C6|C6|C6|C6|Em7 Ebo7|Dm7|G7|F6|F6|Em7|A7|Dm7|G7|C6|D%7 G7|,2,"Porter, Cole"
I Love You,F,,,,,"G%7, C7, F^7, F^7, Gm7, C7, F^7, F^7, G%7, C7, F^7, Bm7, E7, A^7, Bm7, E7, A^7, A^7, Gm7, C7, F^7, F^7, A%7, D7, Gm7, C7, G%7, C7, F^7, A%7, D7, G7, C7, F6, F6",|G%7|C7|F^7|F^7|Gm7|C7|F^7|F^7|G%7|C7|F^7|Bm7 E7|A^7|Bm7 E7|A^7|A^7|Gm7|C7|F^7|F^7|A%7|D7|Gm7|C7|G%7|C7|F^7|A%7 D7|G7|C7|F6|F6|,0,"Porter, Cole"
I Wish I Knew How It Would Feel To Be Free,F,,,,,"F^, A7, Dm, Cm7, Bb^, Csus, F^, F^, Bb^, F^, F^, C^, F^, C^, G7, C7, F^, A7, Dm, Cm7, Bb^, Csus, F^, Bo7, F^, C#o7, Dm, Bo7, F^, Csus, F^",|F^ A7|Dm Cm7|Bb^ Csus|F^|F^ Bb^&F^|F^ C^&F^|C^ G7|C7|F^ A7|Dm Cm7|Bb^ Csus|F^ Bo7|F^ C#o7|Dm Bo7|F^ Csus|F^|,0,"Taylor, Billy"
Idle Moments,c,,,,,"Cm, Cm^7, Cm7, Cm6, Cm, Cm^7, Cm7, Cm6, Cm, Cm^7, Cm7, Cm6, D%7, G7, Cm, Cm^7, Cm7, Cm6, D%7, G7, Cm7, Fm6, G7, Ab^7, Fm6, G7, Ab7, D%7, G7, Cm, G7",|Cm Cm^7|Cm7 Cm6|Cm Cm^7|Cm7 Cm6|Cm Cm^7|Cm7 Cm6|D%7|G7|Cm Cm^7|Cm7 Cm6|D%7|G7|Cm7|Fm6|G7|Ab^7|Fm6 G7|Ab7|D%7 G7|Cm G7|,1,"Green, Grant"
If You Ever Should Leave,C,,,,,"C^, C^, A7, A7, D7, D7, G7, G7, C7, C7, F^, F^, D7, D7, G7, G7, C^, C^, A7, A7, D7, G7, C^, C^, C^, C^",|C^|C^|A7|A7|D7|D7|G7|G7|C7|C7|F^|F^|D7|D7|G7|G7|C^|C^|A7|A7|D7|G7|C^ C^|C^ C^|,0,"Cahn, Sammy & Chaplin, Saul"
If You Never Come To Me,C,,,,,"C^7, B^7, Bb^7, A7, Dm7, Dm7, Fm7, Bb7, E7, A7, D7, G7, C7, F7, C^7, Db7",|C^7|B^7|Bb^7|A7|Dm7|Dm7|Fm7|Bb7|E7|A7|D7|G7|C7|F7|C^7|Db7|,1,"Jobim, Antonio Carlos"
I'll Close My Eyes,F,,,,,"F^7, F^7, E%7, A7, Dm7, G7, Cm7, F7, Bb^7, Bbm7, Eb7, F^7, F^7, B%7, E7, Am7, D7, Gm7, C7, F^7, F^7, E%7, A7, Dm7, G7, Cm7, F7, Bb^7, Bbm7, Eb7, A%7, D7, Gm7, C7, F^7, F^7",|F^7|F^7|E%7|A7|Dm7|G7|Cm7|F7|Bb^7|Bbm7 Eb7|F^7|F^7|B%7|E7|Am7 D7|Gm7 C7|F^7|F^7|E%7|A7|Dm7|G7|Cm7|F7|Bb^7|Bbm7 Eb7|A%7|D7|Gm7|C7|F^7|F^7|,0,"Reid, Billy"
In A Little Spanish Town,G,,,,,"G^7, G^7, Am7, D7, D7, D7, G6, Am7, D7, G^7, Bbo7, Am7, D7, Am7, D7, G^7, Am7, D7, G^7, G^7, Am7, D7, B7, B7, E7, E7, E7, E7, A7, Bbo7, G^7, D7, G6, Am7, D7",|G^7|G^7|Am7|D7|D7|D7|G6|Am7 D7|G^7|Bbo7|Am7|D7|Am7|D7|G^7|Am7 D7|G^7|G^7|Am7|D7|B7|B7|E7|E7|E7|E7|A7|Bbo7|G^7|D7|G6|Am7 D7|,2,"Wayne, Mabel"
In A Mellow Tone (In A Mellotone),A-,,,,,"Bb7, Eb7, Ab6, Ab6, Ebm7, Ab7, Db^7, Db^7, Db6, Gb7, Ab6, F7, Bb7, Bb7, Eb7, F7, Bb7, Eb7, Ab6, Ab6, Ebm7, Ab7, Db^7, Db^7, Db7, Do7, Ab6, F7, Bb7, Eb7, Ab6, F7",|Bb7|Eb7|Ab6|Ab6|Ebm7|Ab7|Db^7|Db^7|Db6|Gb7|Ab6|F7|Bb7|Bb7|Eb7|F7|Bb7|Eb7|Ab6|Ab6|Ebm7|Ab7|Db^7|Db^7|Db7|Do7|Ab6|F7|Bb7|Eb7|Ab6|F7|,1,"Ellington, Duke"
In A Shanty In Old Shanty Town,F,,,,,"F^7, A7, D7, D7, G7, Ab7, G7, G7, C7, C7, F6, F6, D7, G7, G7, Gm7, C7, F^7, A7, D7, D7, G7, Ab7, G7, G7, Bb6, Bbm6, F^7, A7, D7, Gm7, C7, F6, C7",|F^7|A7|D7|D7|G7|Ab7|G7|G7|C7|C7|F6|F6 D7|G7|G7|Gm7|C7|F^7|A7|D7|D7|G7|Ab7|G7|G7|Bb6|Bbm6|F^7 A7|D7|Gm7|C7|F6|C7|,1,"Little, Jack & Siras, John"
Interplay,f,,,,,"Fm6, Fm6, Fm6, Fm6, F7, Bbm7, Bbm7, Fm6, Fm6, Db7, C7, Fm6, G%7, C7",|Fm6|Fm6|Fm6|Fm6 F7|Bbm7|Bbm7|Fm6|Fm6|Db7|C7|Fm6|G%7 C7|,NT,"Evans, Bill"
Israel,d,,,,,"Dm, Dm7, Dm6, D7, Gm7, C7, F^7, Bb^7, E%7, A7, Dm, F7, Bb7, A7",|Dm|Dm7|Dm6|D7|Gm7|C7|F^7|Bb^7|E%7|A7|Dm F7|Bb7 A7|,3,"Carisi, John"
It's Been A Long Long Time,F,,,,,"F^, F^7, F6, F6, F#o7, C7, Gm7, D7, Gm7, C7, Gm7, C7, F^7, F^7, A%7, D7, Gm7, Bbm6, Db7, C7, F^, F^7, Am7, D7, Gm7, Gb7, F6, Gm7, C7",|F^ F^7|F6|F6 F#o7|C7|Gm7 D7|Gm7 C7|Gm7 C7|F^7|F^7 A%7|D7|Gm7 Bbm6|Db7 C7|F^ F^7|Am7 D7|Gm7 Gb7|F6 Gm7&C7|,2,"Styne, Jule"
I've Found A New Baby,F,,,,,"Dm7, E%7, A7, Dm7, D7, G7, C7, F^7, E%7, A7, Dm7, E%7, A7, Dm7, D7, G7, C7, F^7, F^7, E7, A7, Dm7, Dm7, D7, G7, C7, E%7, A7, Dm7, E%7, A7, Dm7, D7, G7, C7, F^7, F^7",|Dm7|E%7 A7|Dm7|D7|G7|C7|F^7|E%7 A7|Dm7|E%7 A7|Dm7|D7|G7|C7|F^7|F^7|E7|A7|Dm7|Dm7|D7|G7|C7|E%7 A7|Dm7|E%7 A7|Dm7|D7|G7|C7|F^7|F^7|,0,"Palmer, Jack & Williams, Spencer"
I've Found A New Baby v2,F,,,,,"Dm7, A7, Dm7, D7, G7, C7, F6, A7, Dm7, A7, Dm7, D7, G7, C7, F6, F6, A7, A7, Dm7, Dm7, G7, G7, C7, A7, Dm7, A7, Dm7, D7, G7, C7, F6, A7",|Dm7|A7|Dm7|D7|G7|C7|F6|A7|Dm7|A7|Dm7|D7|G7|C7|F6|F6|A7|A7|Dm7|Dm7|G7|G7|C7|A7|Dm7|A7|Dm7|D7|G7|C7|F6|A7|,1,"Palmer, Jack & Williams, Spencer"
I've Got A Crush On You,B-,,,,,"Bb^7, Dbo7, Cm7, F7, Bb^7, Dbo7, Cm7, F7, Dm7, Gm7, C7, C7, Cm7, F7, Bb^7, Dbo7, Cm7, F7, Bb^7, Dbo7, Cm7, Ebm7, Ab7, Dm7, Gm7, C7, Bb^, Gm7, C7, F7, Bb6, Cm7, F7",|Bb^7 Dbo7|Cm7 F7|Bb^7 Dbo7|Cm7 F7|Dm7 Gm7|C7|C7|Cm7 F7|Bb^7 Dbo7|Cm7 F7|Bb^7 Dbo7|Cm7 Ebm7&Ab7|Dm7 Gm7|C7|Bb^ Gm7|C7 F7|Bb6|Cm7 F7|,2,"Gershwin, George"
Jackie-ing,B-,,,,,"Bb^7, Bb^7, Bb^7, Bb^7, Bb^7, Bb^7, Cm7, Fsus, Fsus, Bb^7, Bb^7, G7, Cm7, F7, Bb^7, Bb^7, Bb^7, Bb^7",|Bb^7|Bb^7|Bb^7|Bb^7|Bb^7|Bb^7|Cm7 Fsus|Fsus|Bb^7|Bb^7|G7|Cm7 F7|Bb^7|Bb^7|Bb^7|Bb^7|,0,"Monk, Thelonious"
Jeannie's Song,F,,,,,"Gm7, C7, Gm7, C7, F^7, Bb7, Am7, Abo7, Gm7, C7, F^7, Em7, A7, D^7, A7, Dm7, G7, Gm7, C7, Gm7, C7, F^7, Bb7, Am7, Abo7, Gm7, C7, Am7, D7, Gm7, C7, F^7, F^7",|Gm7|C7|Gm7|C7|F^7|Bb7|Am7|Abo7|Gm7|C7|F^7|Em7 A7|D^7|A7|Dm7|G7|Gm7|C7|Gm7|C7|F^7|Bb7|Am7|Abo7|Gm7|C7|Am7|D7|Gm7|C7|F^7|F^7|,0,"Ivery, Marchel"
Jersey Bounce,F,,,,,"F6, F6, G7, G7, Gm7, C7, F6, Abo7, Gm7, C7, F6, F6, G7, G7, Gm7, C7, F6, Db7, F6, F7, F7, Eb7, Eb7, Db7, Db7, C7, C7, F6, F6, G7, G7, Gm7, C7, F6, Db7, F6",|F6|F6|G7|G7|Gm7|C7|F6 Abo7|Gm7 C7|F6|F6|G7|G7|Gm7|C7|F6 Db7|F6|F7|F7|Eb7|Eb7|Db7|Db7|C7|C7|F6|F6|G7|G7|Gm7|C7|F6 Db7|F6|,0,"Johnson, Eddie & Bradshaw, Tiny & Plater, Bobby"
"Jody Grind, The",b-,,,,,"Bbm7, Bbm7, Bbm7, Bbm7, Eb7, Eb7, Bbm7, Bbm7, A7, B7, Bbm7, Bbm7",|Bbm7|Bbm7|Bbm7|Bbm7|Eb7|Eb7|Bbm7|Bbm7|A7|B7|Bbm7|Bbm7|,NT,"Silver, Horace"
Just A Gigolo,F,,,,,"F^, F^7, F^, Abo7, Gm7, D7, Gm, Gm7, C7, F^, F7, Eb7, D7, Gm7, Bbm7, Eb7, Am7, D7, Gm7, C7, F^, C7",|F^|F^7|F^ Abo7|Gm7 D7|Gm|Gm7|C7|F^|F7|Eb7|D7|Gm7|Bbm7 Eb7|Am7 D7|Gm7 C7|F^ C7|,1,"Casucci, Leonello"
Just Friends,G,,,,,"C^7, C^7, Cm7, F7, G^7, G^7, Bbm7, Eb7, Am7, D7, Bm7, Em7, A7, A7, Am7, D7, G7, C^7, C^7, Cm7, F7, G^7, G^7, Bbm7, Eb7, Am7, D7, F#%7, B7, Em7, A7, Am7, D7, G6, Dm7, G7",|C^7|C^7|Cm7|F7|G^7|G^7|Bbm7|Eb7|Am7|D7|Bm7|Em7|A7|A7|Am7|D7 G7|C^7|C^7|Cm7|F7|G^7|G^7|Bbm7|Eb7|Am7|D7|F#%7 B7|Em7|A7|Am7 D7|G6|Dm7 G7|,2,"Klenner, John"
Just In Time,B-,,,,,"Bb^7, Bb^7, A%7, D7, G7, G7, C7, C7, F7, F7, Bb7, Bb7, Eb^7, Eb^7, Ab^7, A%7, D7, Gm7, Gm, Gm, C7, C#o7, Bb6, Bb6, Ab7, G7, C7, F7, Dm7, Gm7, C7, Cm7, F7, Bb6, Cm7, F7",|Bb^7|Bb^7|A%7|D7|G7|G7|C7|C7|F7|F7|Bb7|Bb7|Eb^7|Eb^7|Ab^7|A%7 D7|Gm7|Gm|Gm|C7 C#o7|Bb6|Bb6|Ab7|G7|C7|F7|Dm7|Gm7|C7|Cm7 F7|Bb6|Cm7 F7|,2,"Styne, Jule"
Lady Bird,C,,,,,"C^7, C^7, Fm7, Bb7, C^7, C^7, Bbm7, Eb7, Ab^7, Ab^7, Am7, D7, Dm7, G7, C^7, Eb^7, Ab^7, Db^7",|C^7|C^7|Fm7|Bb7|C^7|C^7|Bbm7|Eb7|Ab^7|Ab^7|Am7|D7|Dm7|G7|C^7 Eb^7|Ab^7 Db^7|,3,"Dameron, Tadd"
Leaving,B-,,,,,"Eb^7, D7, Gm7, Gm7, Gb^7, F7, D7, Gm7, Gm7, Cm7, Absus, Bb^, F^, Ab7, G7, Cm^7, Gb^7, B^7, Bb^, D7",|Eb^7|D7|Gm7|Gm7|Gb^7 F7|D7|Gm7|Gm7|Cm7|Absus|Bb^ F^|Ab7 G7|Cm^7 Gb^7|B^7|Bb^|D7|,1,"Beirach, Richie"
Lennie's Pennies,c,,,,,"Cm6, Cm6, D7, Db7, Cm6, Cm6, D7, G7, G%7, C7, Fm6, Fm6, Cm6, D7, D7, G7, Cm6, Cm6, D7, G7, C7, C7, Fm6, Fm6, Fm6, D%7, Cm6, A7, D%7, G7, Cm6, Cm6",|Cm6|Cm6|D7|Db7|Cm6|Cm6|D7|G7|G%7|C7|Fm6|Fm6|Cm6|D7|D7|G7|Cm6|Cm6|D7|G7|C7|C7|Fm6|Fm6|Fm6|D%7|Cm6|A7|D%7|G7|Cm6|Cm6|,0,"Tristano, Lennie"
Light Blue,C,,,,,"F^7, F^7, G7, C7, F^7, F^7, F7, Bb7, C^7, D7, G7, F^7, F^7, F7, Gb7, F^7, F^7, F#m7, Fm7, C^7, D7, D7, G7, Db^7",|F^7&F^7&G7&C7|F^7&F^7&F7&Bb7|C^7|D7 G7|F^7&F^7&F7&Gb7|F^7&F^7&F#m7&Fm7|C^7|D7&D7&G7&Db^7|,3,"Monk, Thelonious"
Little Boat (O Barquinho),B-,,,,,"Bb^7, Bb^7, Em7, A7, Em7, A7, Ab^7, Ab^7, Dm7, G7, Dm7, G7, Gb^7, Gb^7, Cm7, F7, Cm7, F7, Dm7, G7, Cm7, F7",|Bb^7|Bb^7|Em7 A7|Em7 A7|Ab^7|Ab^7|Dm7 G7|Dm7 G7|Gb^7|Gb^7|Cm7 F7|Cm7 F7|Dm7|G7|Cm7|F7|,-1,"Menescal, Roberto"
Look For The Silver Lining,B-,,,,,"Bb^7, F7, Bb^7, F7, Dm7, Cm7, F7, Bb^7, Gm7, Cm7, F7, Bb^7, Bb^7, Gm7, F#7, F7, Cm7, F7, Bb^7, F7, Bb^7, F7, Fm7, Bb7, Eb^7, Eb7, Gm7, Em7, A7, Dm7, G7, Cm7, F7, Bb^7, F7",|Bb^7|F7|Bb^7|F7|Dm7|Cm7 F7|Bb^7|Gm7|Cm7|F7|Bb^7|Bb^7|Gm7|F#7|F7|Cm7 F7|Bb^7|F7|Bb^7|F7|Fm7|Bb7|Eb^7|Eb7|Gm7|Em7 A7|Dm7|G7|Cm7|F7|Bb^7|F7|,1,"Kern, Jerome"
Mac The Knife,B-,,,,,"Bb6, Bb6, Cm7, Cm7, F7, F7, Bb6, Bb6, Gm7, Gm7, Cm7, Cm7, Cm7, Cm7, F7, Bb6, Bb6",|Bb6|Bb6|Cm7|Cm7|F7|F7|Bb6|Bb6|Gm7|Gm7|Cm7|Cm7|Cm7|Cm7 F7|Bb6|Bb6|,0,"Weill, Kurt"
Minor Mood,f,,,,,"Fm7, Bbm6, C7, Fm7, Bb7, Bbm7, Bbm7, Eb7, G%7, C7, Fm7, Fm7, Db7, Db7, C7, Fm^7, C7, Fm7, G%7, C7, Fm7, C%7, F7, Bbm7, Bbm7, C7, C7, G%7, Ab^7, G%7, C7, Fm^7, Fm^7",|Fm7|Bbm6 C7|Fm7|Bb7|Bbm7|Bbm7 Eb7|G%7 C7|Fm7|Fm7 Db7|Db7 C7|Fm^7|C7|Fm7|G%7 C7|Fm7|C%7 F7|Bbm7|Bbm7 C7|C7 G%7|Ab^7|G%7|C7|Fm^7|Fm^7|,0,"Brown, Clifford"
Minor Strain,G,,,,,"Dm7, Dm7, Dm7, Dm7, Cm7, Cm7, Cm7, Cm7, Gm7, Gm7, Bbm7, Eb7, Am7, Dm7, G^, Am7, Bbo7, Bm7",|Dm7|Dm7|Dm7|Dm7|Cm7|Cm7|Cm7|Cm7|Gm7|Gm7|Bbm7|Eb7|Am7|Dm7|G^ Am7|Bbo7 Bm7|,4,"Timmons, Bobby"
Move,B-,,,,,"Bb6, Eb7, Bb6, Bo7, Cm7, F7, Bb6, Bb6, Bb6, Eb7, Bb6, Bo7, Cm7, F7, Bb6, Bb6, Fm7, Bb7, Eb6, Eb6, C7, C7, Cm7, F7, Bb6, Eb7, Bb6, Bo7, Cm7, F7, Bb6, Bb6",|Bb6|Eb7|Bb6|Bo7|Cm7|F7|Bb6|Bb6|Bb6|Eb7|Bb6|Bo7|Cm7|F7|Bb6|Bb6|Fm7|Bb7|Eb6|Eb6|C7|C7|Cm7|F7|Bb6|Eb7|Bb6|Bo7|Cm7|F7|Bb6|Bb6|,0,"Best, Denzil"
Mr. P.C.,c,,,,,"Cm7, Cm7, Cm7, Cm7, Fm7, Fm7, Cm7, Cm7, Ab7, G7, Cm7, Cm7",|Cm7|Cm7|Cm7|Cm7|Fm7|Fm7|Cm7|Cm7|Ab7|G7|Cm7|Cm7|,0,"Coltrane, John"
My Ideal,E-,,,,,"Eb6, C7, Fm7, Db7, C7, F7, Fm7, Bb7, D%7, G7, Cm7, F7, B7, Bb7, Eb6, C7, Fm7, Db7, C7, F7, Fm7, Abm6, Eb^, Ab7, Gm7, C7, B7, Bb7, Eb6",|Eb6 C7|Fm7|Db7 C7|F7|Fm7 Bb7|D%7 G7|Cm7 F7|B7 Bb7|Eb6 C7|Fm7|Db7 C7|F7|Fm7 Abm6|Eb^&Ab7&Gm7&C7|B7 Bb7|Eb6|,0,"Whiting, Richard"
My Melancholy Baby,B-,,,,,"Bb^7, Bb^7, Ab7, G7, Cm7, G7, Cm7, G7, Cm7, Cm7, F7, Gbo7, Gm7, C7, Cm7, F7, Bb^7, Bb^7, Ab7, G7, Cm7, G7, Cm7, Fm7, Bb7, Eb^7, Eo7, Bb7, G7, Cm7, F7, Bb6, Bo7, Cm7, F7",|Bb^7|Bb^7|Ab7|G7|Cm7|G7|Cm7|G7|Cm7|Cm7|F7|Gbo7|Gm7|C7|Cm7|F7|Bb^7|Bb^7|Ab7|G7|Cm7|G7|Cm7|Fm7 Bb7|Eb^7|Eo7|Bb7|G7|Cm7|F7|Bb6 Bo7|Cm7 F7|,3,"Burnett, Ernie & Norton, George"
Night Dreamer,G,,,,,"G^7, Fm7, Eb^7, D7, G^7, Fm7, Eb^7, D7, G^7, Fm7, Eb^7, D7, Ebm7, Ab7, Esus, Esus, Fsus, Fsus, G^7, Fm7, Eb^7, D7, G^7, Fm7, Eb^7, D7",|G^7 Fm7|Eb^7 D7|G^7 Fm7|Eb^7 D7|G^7 Fm7|Eb^7 D7|Ebm7|Ab7|Esus|Esus|Fsus|Fsus|G^7 Fm7|Eb^7 D7|G^7 Fm7|Eb^7 D7|,3,"Shorter, Wayne"
Nothing Personal,g,,,,,"Gm, Gm, Gm, Gm, Gm, Gm, Gm, Gm, Gm, Gm, Gm, Gm, Gm, Gm, Gm, Gm, C7, C7, C7, C7, Gm, Gm, Gm, F7, E7, Eb7, Eb7, D7, D7, Gm, Gm, Gm, Gm",|Gm|Gm|Gm|Gm|Gm|Gm|Gm|Gm|Gm|Gm|Gm|Gm|Gm|Gm|Gm|Gm|C7|C7|C7|C7|Gm|Gm|Gm|F7 E7|Eb7|Eb7|D7|D7|Gm|Gm|Gm|Gm|,0,"Grolnick, Don"
Nuages,G,,,,,"Bbm6, D7, G6, G6, Bbm6, D7, G6, D7, G6, B7, B7, Em6, Em6, A7, Ab7, A7, D7, D7, Bbm6, D7, G6, G6, Ab7, G7, C^, C^, Cm6, F7, G6, G6, Bbm6, D7, G6, D7, G6",|Bbm6|D7|G6|G6|Bbm6|D7|G6 D7|G6|B7|B7|Em6|Em6|A7 Ab7|A7|D7|D7|Bbm6|D7|G6|G6|Ab7|G7|C^|C^|Cm6|F7|G6|G6|Bbm6|D7|G6 D7|G6|,0,"Reinhardt, Django"
O Grande Amor,a,,,,,"Am, Abo7, Gm7, C7, B%7, E7, Am, A7, Dm7, G7, C^7, F^7, Bb^7, Bb^7, B%7, E7, Am, Abo7, Gm7, C7, B%7, E7, E%7, A7, Dm7, Ebo7, C^, F^7, Bb^7, B%7, E7, Am, E7",|Am|Abo7|Gm7|C7|B%7|E7|Am|A7|Dm7|G7|C^7|F^7|Bb^7|Bb^7|B%7|E7|Am|Abo7|Gm7|C7|B%7|E7|E%7|A7|Dm7|Ebo7|C^|F^7|Bb^7|B%7 E7|Am|E7|,1,"Jobim, Antonio Carlos"
"Old Country, The",d,,,,,"Dm, E%7, A7, Dm, Dm, D7, Gm7, Csus, C7, F^7, F^7, E%7, A7, Dm, Dm, B7, Bb7, E%7, A7, Dm",|Dm|E%7|A7|Dm|Dm D7|Gm7|Csus C7|F^7|F^7|E%7|A7|Dm Dm|B7|Bb7|E%7 A7|Dm|,0,"Lewis, Curtis & Adderley, Cannonball"
On The Trail,F,,,,,"F^7, F^7, F^7, F^7, F^7, Am7, D7, Gm7, C7, Abm7, Db7, Abm7, Db7, Gm7, C7, F6, Gm7, C7",|F^7|F^7|F^7|F^7|F^7|Am7 D7|Gm7|C7|Abm7|Db7|Abm7|Db7|Gm7|C7|F6|Gm7 C7|,2,"Grofe, Ferde"
Paper Doll,F,,,,,"F^7, D7, G7, C7, F6, F^7, Fm^7, C^7, A7, G7, C7, Gm7, C7, F6, Gm7, C7, A7, Bb^, Bo7, F^, A7, D7, Gm7, C7, F6",|F^7 D7|G7|C7|F6|F^7 Fm^7|C^7 A7|G7|C7|Gm7 C7|F6|Gm7 C7|A7|Bb^ Bo7|F^&A7&D7|Gm7 C7|F6|,0,"Black, Johnny"
Peace,B-,,,,,"A%7, D7, Gm7, C7, B^7, C%7, F7, Bb^7, Bm7, E7, A^7, F#m7, Eb%7, Ab7, Db^7, C7, B7, Bb^7",|A%7 D7|Gm7 C7|B^7 C%7&F7|Bb^7|Bm7 E7|A^7 F#m7|Eb%7 Ab7|Db^7|C7 B7|Bb^7|,0,"Silver, Horace"
Pent Up House,G,,,,,"Am7, D7, G^7, G^7, Am7, D7, G^7, G^7, Dm7, G7, Cm7, F7, Am7, D7, G^7, G^7",|Am7|D7|G^7|G^7|Am7|D7|G^7|G^7|Dm7|G7|Cm7|F7|Am7|D7|G^7|G^7|,0,"Rollins, Sonny"
Recordame,a,,,,,"Am, Am, Am, Am, Cm, Cm, Cm, Cm7, F7, Bb^7, Bbm7, Eb7, Ab^7, Abm7, Db7, Gb^7, Gm7, C7, F^7, E7",|Am|Am|Am|Am|Cm|Cm|Cm|Cm7 F7|Bb^7|Bbm7 Eb7|Ab^7|Abm7 Db7|Gb^7|Gm7 C7|F^7|E7|,-1,"Henderson, Joe"
Red Clay,c,,,,,"Cm7, Bbm7, Dbsus, Ebsus, Fsus, Gsus, Cm7, Bbm7, Eb7, Ab^7, D%7, G7",|Cm7|Bbm7|Dbsus Ebsus|Fsus Gsus|Cm7|Bbm7 Eb7|Ab^7|D%7 G7|,-1,"Hubbard, Freddie"
Remember,A-,,,,,"Db7, C7, B7, Bb7, Bbm7, Eb%7, Ab^7, Ebm7, Ab7, Db7, C7, B7, Bb7, Bbm7, Eb%7, Ab^7, Ebm7, Ab7, Db^7, Db^7, Dbm7, Gb7, Ab^7, Ab^7, G%7, C7, Db7, C7, B7, Bb7, Bbm7, Eb%7, Ab^7, Ebm7, Ab7",|Db7|C7|B7|Bb7|Bbm7|Eb%7|Ab^7|Ebm7 Ab7|Db7|C7|B7|Bb7|Bbm7|Eb%7|Ab^7|Ebm7 Ab7|Db^7|Db^7|Dbm7|Gb7|Ab^7|Ab^7|G%7|C7|Db7|C7|B7|Bb7|Bbm7|Eb%7|Ab^7|Ebm7 Ab7|,2,"Berlin, Irving"
Rose Room,G,,,,,"A7, D7, G6, G6, G7, G7, C^, C^, Cm, F7, G6, E7, A7, A7, Am7, D7, A7, D7, G6, G6, G7, G7, C^, C^, Cm, F7, G6, E7, A7, D7, G6, G6",|A7|D7|G6|G6|G7|G7|C^|C^|Cm|F7|G6|E7|A7|A7|Am7|D7|A7|D7|G6|G6|G7|G7|C^|C^|Cm|F7|G6|E7|A7|D7|G6|G6|,0,"Hickman, Art"
Serenade To A Cuckoo,f,,,,,"Fm7, G%7, C7, Fm7, G%7, C7, Fm7, G%7, C7, Fm7, F7, Bbm7, Eb7, Ab^7, Db^7, G%7, C7, Fm7, F7, Bbm7, Eb7, Ab^7, Db^7, G%7, C7, Fm7",|Fm7|G%7 C7|Fm7|G%7 C7|Fm7|G%7 C7|Fm7|F7|Bbm7 Eb7|Ab^7 Db^7|G%7 C7|Fm7 F7|Bbm7 Eb7|Ab^7 Db^7|G%7 C7|Fm7|,1,"Kirk, Roland"
Serenity,E-,,,,,"D%7, G7, Ab^7, Gb^7, Em7, A7, Fm7, Bb7, Eb^7, D%7, G7, Cm7, Cm7, Abm7, Db7, G7, Gb7, F7, E^7, Fm7, Bb7, Eb^7, D%7, G7",|D%7|G7|Ab^7 Gb^7|Em7 A7|Fm7 Bb7|Eb^7 D%7&G7|Cm7 Cm7|Abm7 Db7|G7 Gb7|F7|E^7|Fm7 Bb7|Eb^7|D%7 G7|,2,"Henderson, Joe"
"Shadow Of Your Smile, The",G,,,,,"F#m7, B7, Em7, A7, Am7, D7, G^7, C^7, F#%7, B7, Em7, Em7, C#%7, F#7, F#%7, B7, F#m7, B7, Em7, A7, Am7, D7, B%7, E7, Am7, Cm7, F7, Bm7, E7, A7, Dsus, D7, G6, G6",|F#m7|B7|Em7|A7|Am7|D7|G^7|C^7|F#%7|B7|Em7|Em7|C#%7|F#7|F#%7|B7|F#m7|B7|Em7|A7|Am7|D7|B%7|E7|Am7|Cm7 F7|Bm7|E7|A7|Dsus D7|G6|G6|,0,"Mandel, Johnny"
Shine,E-,,,,,"Eb^7, Eb^7, Fm7, Bb7, Eb^7, Eb^7, Fm7, Bb7, G7, G7, Cm7, Cm7, F7, F7, Bb7, Bb7, Eb^7, Eb^7, Fm7, Bb7, G7, G7, Cm7, Cm7, Ab^7, Ab^7, Db7, Eb6, C7, Fm7, Bb7, Eb6, Fm7, Bb7",|Eb^7|Eb^7|Fm7|Bb7|Eb^7|Eb^7|Fm7|Bb7|G7|G7|Cm7|Cm7|F7|F7|Bb7|Bb7|Eb^7|Eb^7|Fm7|Bb7|G7|G7|Cm7|Cm7|Ab^7|Ab^7 Db7|Eb6|C7|Fm7|Bb7|Eb6|Fm7 Bb7|,2,"Dabney, Ford"
Simone,d,,,,,"Dm7, Am7, Dm7, Eb7, Dm7, Am7, Am7, D7, Gm7, Am7, Bbm7, Eb7, Dm7, Em7, F^7, F#m7, Fm7, Bb7, Em7, A7, Dm7, Am7, Dm7, Eb7",|Dm7|Am7|Dm7|Eb7|Dm7|Am7|Am7|D7|Gm7|Am7|Bbm7|Eb7|Dm7|Em7|F^7|F#m7|Fm7|Bb7|Em7|A7|Dm7|Am7|Dm7|Eb7|,1,"Foster, Frank"
Smile,F,,,,,"F^7, F^7, F^7, F^7, F^7, Abo7, Gm7, D7, Gm7, Gm7, Bbm7, Eb7, F^7, F^7, Gm7, C7, F^7, F^7, F^7, F^7, F^7, Abo7, Gm7, D7, Gm7, Gm7, Bbm7, Eb7, F^7, F^7, Gm7, C7, F6, F6",|F^7|F^7|F^7|F^7|F^7|Abo7|Gm7|D7|Gm7|Gm7|Bbm7|Eb7|F^7|F^7|Gm7|C7|F^7|F^7|F^7|F^7|F^7|Abo7|Gm7|D7|Gm7|Gm7|Bbm7|Eb7|F^7|F^7|Gm7|C7|F6|F6|,0,"Chaplin, Charles"
So Danco Samba,C,,,,,"C6, F7, D7, D7, Dm7, G7, C6, F7, C6, F7, D7, D7, Dm7, G7, C6, C6, Gm7, C7, F^7, F^7, Am7, D7, G7, G7, C6, F7, D7, D7, Dm7, G7, C6, F7",|C6|F7|D7|D7|Dm7|G7|C6|F7|C6|F7|D7|D7|Dm7|G7|C6|C6|Gm7|C7|F^7|F^7|Am7|D7|G7|G7|C6|F7|D7|D7|Dm7|G7|C6|F7|,1,"Jobim, Antonio Carlos"
So Nice (Summer Samba),F,,,,,"F^7, F^7, Bm7, E7, Bb^7, Bb6, Eb7, Eb7, Am7, D7, Gm7, E%7, A7, Dm7, G7, Gm7, Db7, C7, F^7, F^7, Bm7, E7, Bb^7, Bb6, Eb7, Eb7, Am7, D7, Gm7, C7, F^7, Bb7, F6, Gm7, C7",|F^7|F^7|Bm7|E7|Bb^7|Bb6|Eb7|Eb7|Am7|D7|Gm7|E%7 A7|Dm7|G7|Gm7|Db7 C7|F^7|F^7|Bm7|E7|Bb^7|Bb6|Eb7|Eb7|Am7|D7|Gm7|C7|F^7|Bb7|F6|Gm7 C7|,2,"Valles, Marco"
Solar,c,,,,,"Cm^7, Cm^7, Gm7, C7, F^7, F^7, Fm7, Bb7, Eb^7, Ebm7, Ab7, Db^7, D%7, G7",|Cm^7|Cm^7|Gm7|C7|F^7|F^7|Fm7|Bb7|Eb^7|Ebm7 Ab7|Db^7|D%7 G7|,0,"Davis, Miles"
Someday My Prince Will Come,B-,,,,,"Bb^7, D7, Eb^7, G7, Cm7, G7, Cm7, F7, Dm7, C#o7, Cm7, F7, Dm7, C#o7, Cm7, F7, Bb^7, D7, Eb^7, G7, Cm7, G7, Cm7, F7, Fm7, Bb7, Eb^7, Eo7, Bb^7, G7, Cm7, F7",|Bb^7|D7|Eb^7|G7|Cm7|G7|Cm7|F7|Dm7|C#o7|Cm7|F7|Dm7|C#o7|Cm7|F7|Bb^7|D7|Eb^7|G7|Cm7|G7|Cm7|F7|Fm7|Bb7|Eb^7|Eo7|Bb^7|G7|Cm7|F7|,-1,"Churchill, Frank"
Song For My Father,f,,,,,"Fm7, Fm7, Eb7, Eb7, Db7, Csus, Fm7, Fm7, Fm7, Fm7, Eb7, Eb7, Db7, Csus, Fm7, Fm7, Eb7, Eb7, Fm7, Fm7, Eb7, Db7, C7, Fm7, Fm7",|Fm7|Fm7|Eb7|Eb7|Db7|Csus|Fm7|Fm7|Fm7|Fm7|Eb7|Eb7|Db7|Csus|Fm7|Fm7|Eb7|Eb7|Fm7|Fm7|Eb7 Db7|C7|Fm7|Fm7|,0,"Silver, Horace"
St. Thomas,C,,,,,"C^7, F7, Em7, A7, Dm7, G7, C6, C^7, F7, Em7, A7, Dm7, G7, C6, E%7, A7, Dm7, G7, C^7, C7, F^7, F#o7, G7, C6",|C^7 F7|Em7 A7|Dm7 G7|C6|C^7 F7|Em7 A7|Dm7 G7|C6|E%7|A7|Dm7|G7|C^7 C7|F^7 F#o7|G7|C6|,0,"Rollins, Sonny"
Stella By Starlight,B-,,,,,"E%7, A7, Cm7, F7, Fm7, Bb7, Eb^7, Ab7, Bb^7, E%7, A7, Dm7, Bbm7, Eb7, F^7, E%7, E%7, Eb^7, D7, G7, G7, Cm7, Cm7, Ab7, Ab7, Bb^7, Bb^7, E%7, A7, D%7, G7, C%7, F7, Bb^7, Bb^7",|E%7|A7|Cm7|F7|Fm7|Bb7|Eb^7|Ab7|Bb^7|E%7 A7|Dm7|Bbm7 Eb7|F^7|E%7 E%7|Eb^7|D7|G7|G7|Cm7|Cm7|Ab7|Ab7|Bb^7|Bb^7|E%7|A7|D%7|G7|C%7|F7|Bb^7|Bb^7|,0,"Young, Victor"
Struttin' With Some Barbecue,F,,,,,"F^7, F^7, F6, F6, F^7, F^7, D7, D7, Gm7, C7, C#o7, Dm7, Dm7, G7, G7, C7, C7, F^7, F^7, F6, F6, Cm, F7, Bb6, Bb6, Bb6, Bbm6, F^7, D7, Gm7, C7, F6, Db7, C7",|F^7|F^7|F6|F6|F^7|F^7|D7|D7|Gm7|C7 C#o7|Dm7|Dm7|G7|G7|C7|C7|F^7|F^7|F6|F6|Cm|F7|Bb6|Bb6|Bb6|Bbm6|F^7|D7|Gm7|C7|F6 Db7|C7|,2,"Armstrong, Lillian"
Subconscious Lee,C,,,,,"G%7, C7, Fm7, Fm7, D%7, G7, C^7, C^7, G%7, C7, Fm7, Fm7, D%7, G7, C^7, C^7, Cm7, F7, Bb^7, Bb^7, Ab7, Ab7, G7, G7, G%7, C7, Fm7, Fm7, D%7, G7, C^7, C^7",|G%7|C7|Fm7|Fm7|D%7|G7|C^7|C^7|G%7|C7|Fm7|Fm7|D%7|G7|C^7|C^7|Cm7|F7|Bb^7|Bb^7|Ab7|Ab7|G7|G7|G%7|C7|Fm7|Fm7|D%7|G7|C^7|C^7|,0,"Konitz, Lee"
Sugar,c,,,,,"Cm7, D%7, G7, Cm7, G7, Cm7, Cm7, Gsus, G7, Cm7, Gb7, Fm7, Eb7, D%7, G7, Cm7, Db^7",|Cm7|D%7 G7|Cm7|G7|Cm7|Cm7|Gsus|G7|Cm7|Gb7|Fm7|Eb7|D%7|G7|Cm7|Db^7|,1,"Turrentine, Stanley"
Summertime,a,,,,,"Am7, Am7, E7, Am7, Am7, A7, Dm7, F7, B7, E7, Am7, Am7, E7, Am7, D7, G7, C^7, Am7, B%7, E7, Am7, B%7, E7",|Am7|Am7 E7|Am7|Am7 A7|Dm7|F7|B7|E7|Am7|Am7 E7|Am7|D7 G7|C^7 Am7|B%7 E7|Am7|B%7 E7|,2,"Gershwin, George"
Sunny,a,,,,,"Am7, C7, F^7, B%7, E7, Am7, C7, F^7, B%7, E7, Am7, C7, F^7, Bb7, B%7, E7, Am7, E7",|Am7|C7|F^7|B%7 E7|Am7|C7|F^7|B%7 E7|Am7|C7|F^7|Bb7|B%7|E7|Am7|E7|,1,"Hebb, Bobby"
Sweet Georgia Bright,C,,,,,"C7, C7, Bb7, Bb7, C7, C7, Bb7, Bb7, Eb7, Eb7, Eb7, Eb7, D7, Db7, C7, C7",|C7|C7|Bb7|Bb7|C7|C7|Bb7|Bb7|Eb7|Eb7|Eb7|Eb7|D7|Db7|C7|C7|,NT,"Lloyd, Charles"
Take The A Train,C,,,,,"C6, C6, D7, D7, Dm7, G7, C6, Dm7, G7, C6, C6, D7, D7, Dm7, G7, C6, Gm7, C7, F^7, F^7, F^7, F^7, D7, D7, Dm7, G7, G7, C6, C6, D7, D7, Dm7, G7, C6, Dm7, G7",|C6|C6|D7|D7|Dm7|G7|C6|Dm7 G7|C6|C6|D7|D7|Dm7|G7|C6|Gm7 C7|F^7|F^7|F^7|F^7|D7|D7|Dm7|G7 G7|C6|C6|D7|D7|Dm7|G7|C6|Dm7 G7|,NT,"Strayhorn, Billy"
Them There Eyes,A-,,,,,"Ab^7, Ab^7, Ab^7, Ab^7, Ab6, F7, Bb7, Bb7, Bbm7, Eb7, C7, Fm7, Bb7, Bb7, Eb7, Eb7, Ab^7, Ab^7, Ab^7, Ab^7, Ab7, Ab7, Db^7, Db^7, Db^7, Do7, Ab^7, Bb7, Eb7, Ab^7, F7, Bb7, Eb7, Ab6, Eb7",|Ab^7|Ab^7|Ab^7|Ab^7|Ab6|F7|Bb7|Bb7|Bbm7|Eb7|C7|Fm7|Bb7|Bb7|Eb7|Eb7|Ab^7|Ab^7|Ab^7|Ab^7|Ab7|Ab7|Db^7|Db^7|Db^7|Do7|Ab^7|Bb7 Eb7|Ab^7|F7|Bb7 Eb7|Ab6 Eb7|,1,"Pinkard, Maceo & Tauber, Doris & Tracey, William"
This Can't Be Love,F,,,,,"F^7, F^7, Bb7, Bb7, F^7, Dm7, Gm7, C7, F^7, F^7, Bb7, Bb7, Am7, Dm7, Gm7, C7, F6, F6, Em7, A7, Dm7, Dm7, A%7, D7, Gm7, C7, F^7, F^7, Bb7, Bb7, Am7, Dm7, Gm7, C7, F6, F6",|F^7|F^7|Bb7|Bb7|F^7|Dm7|Gm7|C7|F^7|F^7|Bb7|Bb7|Am7 Dm7|Gm7 C7|F6|F6|Em7|A7|Dm7|Dm7|A%7|D7|Gm7|C7|F^7|F^7|Bb7|Bb7|Am7 Dm7|Gm7 C7|F6|F6|,0,"Rodgers, Richard"
Time On My Hands,F,,,,,"F^7, F^7, B%7, E7, Gm7, Gm7, C7, C7, F^7, F^7, B%7, E7, Gm7, Gm7, E%7, A7, D7, D7, G7, Gm7, C7, Dm7, G7, Gm7, C7, F^7, Bb7, A7, D7, G7, C7, F6, D7, Gm7, C7",|F^7|F^7|B%7|E7|Gm7|Gm7|C7|C7|F^7|F^7|B%7|E7|Gm7|Gm7|E%7|A7|D7|D7|G7|Gm7 C7|Dm7|G7|Gm7|C7|F^7|Bb7|A7|D7|G7|C7|F6 D7|Gm7 C7|,3,"Youmans, Vincent"
Tune Up,D,,,,,"Em7, A7, D^7, D^7, Dm7, G7, C^7, C^7, Cm7, F7, Bb^7, Gm7, Em7, F7, Bb^7, A7, Em7, A7, D^7, D^7, Dm7, G7, C^7, C^7, Cm7, F7, Bb^7, Gm7, Em7, A7, D^7, D^7",|Em7|A7|D^7|D^7|Dm7|G7|C^7|C^7|Cm7|F7|Bb^7|Gm7|Em7|F7|Bb^7|A7|Em7|A7|D^7|D^7|Dm7|G7|C^7|C^7|Cm7|F7|Bb^7|Gm7|Em7|A7|D^7|D^7|,0,"Davis, Miles"
United,F,,,,,"E%7, A7, Dm, Dm, E%7, A7, Dm, Dm, Cm7, F7, Bb^7, Abm7, Db7, Gb^7, Gm7, C7, F^7, F^7",|E%7|A7|Dm|Dm|E%7|A7|Dm|Dm|Cm7|F7|Bb^7|Abm7 Db7|Gb^7|Gm7 C7|F^7|F^7|,0,"Shorter, Wayne"
Valse Hot,A-,,,,,"Ab^7, Db^7, Cm7, F7, Bbm7, Eb7, Ab^7, F7, Bbm7, Dbm7, Cm7, F7, Bbm7, Eb7, Ab^7, Eb7",|Ab^7|Db^7|Cm7|F7|Bbm7|Eb7|Ab^7|F7|Bbm7|Dbm7|Cm7|F7|Bbm7|Eb7|Ab^7|Eb7|,1,"Rollins, Sonny"
Wayne's Thang,e,,,,,"Em7, Em7, C6, C6, B7, B7, Em7, Em7, Em7, Em7, C6, C6, B7, B7, Em7, Em7",|Em7|Em7|C6|C6|B7|B7|Em7|Em7|Em7|Em7|C6|C6|B7|B7|Em7|Em7|,0,"Garrett, Kenny"
We Will Meet Again,c,,,,,"Cm6, Cm6, Fm7, Fm7, D%7, G7, Cm6, Cm6, Ab^7, G7, Cm6, Cm6, A%7, D7, Gsus, G7",|Cm6|Cm6|Fm7|Fm7|D%7|G7|Cm6|Cm6|Ab^7|G7|Cm6|Cm6|A%7|D7|Gsus|G7|,-1,"Evans, Bill"
"Weaver Of Dreams, A",C,,,,,"C^7, C^7, B%7, E7, Am7, Am7, Gm7, C7, F^7, Bb7, Em7, A7, D7, D7, Dm7, G7, C^7, C^7, B%7, E7, Am7, Am7, Gm7, C7, F^7, Bb7, Em7, Ebm7, Ab7, Dm7, G7, C^7, Dm7, G7",|C^7|C^7|B%7|E7|Am7|Am7|Gm7|C7|F^7|Bb7|Em7|A7|D7|D7|Dm7|G7|C^7|C^7|B%7|E7|Am7|Am7|Gm7|C7|F^7|Bb7|Em7|Ebm7 Ab7|Dm7|G7|C^7|Dm7 G7|,2,"Young, Victor"
What Is This Thing Called Love,C,,,,,"G%7, C7, Fm6, Fm6, D%7, G7, C^7, C^7, G%7, C7, Fm6, Fm6, D%7, G7, C^7, C^7, Cm7, F7, Bb^7, Bb^7, Ab7, Ab7, D%7, G7, G%7, C7, Fm6, Fm6, D%7, G7, C^7, C^7",|G%7|C7|Fm6|Fm6|D%7|G7|C^7|C^7|G%7|C7|Fm6|Fm6|D%7|G7|C^7|C^7|Cm7|F7|Bb^7|Bb^7|Ab7|Ab7|D%7|G7|G%7|C7|Fm6|Fm6|D%7|G7|C^7|C^7|,0,"Porter, Cole"
When The Saints Go Marching In,F,,,,,"F^, F^, F^, F^, F^, F^, C7, C7, F^, F7, Bb^, Bbm, F^, G7, C7, F^, C7",|F^|F^|F^|F^|F^|F^|C7|C7|F^|F7|Bb^|Bbm|F^|G7 C7|F^|C7|,1,Traditional
When You're Smilin',C,,,,,"C6, C6, C6, C6, Em7, A7, Dm7, G7, Dm7, Dm7, Dm7, Dm7, G7, G7, C6, C6, C7, C7, F6, F6, Am7, D7, Dm7, G7, C6, C6, Em7, A7, Dm7, G7, C6, C6",|C6|C6|C6|C6|Em7|A7|Dm7|G7|Dm7|Dm7|Dm7|Dm7|G7|G7|C6|C6|C7|C7|F6|F6|Am7|D7|Dm7|G7|C6|C6|Em7|A7|Dm7|G7|C6|C6|,0,"Shay, Larry & Fisher, Marc & Goodwin, Joe"
Why Do I Love You?,A-,,,,,"Ab^7, Fm7, Bbm7, Eb7, Ab^7, F7, Bbm7, Eb7, Cm7, Fm7, Bbm7, G%7, C7, Fm7, Bb7, Bbm7, Eb7, Ab^7, Fm7, Bbm7, Eb7, Ab^7, F7, Bbm7, Eb7, Ebm7, Ab7, Db^7, Gb7, Ab^7, Bbm7, Eb7, Ab6, Bbm7, Eb7",|Ab^7|Fm7|Bbm7|Eb7|Ab^7|F7|Bbm7|Eb7|Cm7|Fm7|Bbm7|G%7 C7|Fm7|Bb7|Bbm7|Eb7|Ab^7|Fm7|Bbm7|Eb7|Ab^7|F7|Bbm7|Eb7|Ebm7|Ab7|Db^7|Gb7|Ab^7|Bbm7 Eb7|Ab6|Bbm7 Eb7|,2,"Kern, Jerome"
Why Don't You Do Right?,d,,,,,"Dm7, B%7, Bb7, A7, Dm7, B%7, Bb7, A7, Gm7, Gm7, A7, Dm7, B%7, Bb7, A7, Bb7, A7, Bb7, A7, Dm7, B%7, Bb7, A7",|Dm7 B%7|Bb7 A7|Dm7 B%7|Bb7 A7|Gm7|Gm7 A7|Dm7 B%7|Bb7 A7|Bb7 A7|Bb7 A7|Dm7 B%7|Bb7 A7|,3,"McCoy, Kansas Joe"
Witch Hunt,c,,,,,"Cm7, Cm7, Cm7, Cm7, Cm7, Cm7, Cm7, Cm7, Eb7, Eb7, Eb7, Eb7, Cm7, Cm7, Cm7, Cm7, Gb^7, F7, E^7, Eb7, Eb7, Abm7, A^, Abm7, G7",|Cm7|Cm7|Cm7|Cm7|Cm7|Cm7|Cm7|Cm7|Eb7|Eb7|Eb7|Eb7|Cm7|Cm7|Cm7|Cm7|Gb^7|F7|E^7 Eb7|Eb7|Abm7|A^|Abm7|G7|,-1,"Shorter, Wayne"
Work Song,f,,,,,"Fm, Fm, Fm, Fm, Fm, Fm, C7, C7, Fm, Fm, Fm, Fm, F7, Bb7, G7, C7, Fm",|Fm|Fm|Fm|Fm|Fm|Fm|C7|C7|Fm|Fm|Fm|Fm|F7|Bb7|G7 C7|Fm|,0,"Adderley, Nat"
Yesterdays,d,,,,,"Dm, E%7, A7, Dm, E%7, A7, Dm, Dm^7, Dm7, B%7, E7, A7, D7, G7, C7, F7, Bb^7, E%7, A7",|Dm|E%7 A7|Dm|E%7 A7|Dm Dm^7|Dm7|B%7|E7|A7|D7|G7|C7|F7|Bb^7|E%7|A7|,-1,"Kern, Jerome"
You Stepped Out Of A Dream,C,,,,,"C^7, C^7, Db^7, Db^7, Bbm7, Eb7, Ab^7, Ab^7, Gm7, C7, F^7, F^7, Am7, D7, Ebm7, Ab7, Dm7, G7, C^7, C^7, Db^7, Db^7, Bbm7, Eb7, Gb7, F7, D%7, G7, Em7, A7, Dm7, G7, C^7, A7, Dm7, G7",|C^7|C^7|Db^7|Db^7|Bbm7|Eb7|Ab^7|Ab^7|Gm7|C7|F^7|F^7|Am7|D7|Ebm7 Ab7|Dm7 G7|C^7|C^7|Db^7|Db^7|Bbm7|Eb7|Gb7|F7|D%7|G7|Em7|A7|Dm7|G7|C^7 A7|Dm7 G7|,3,Nacio Herb Brown
Zingaro (Retrato Em Branco E Preto),g,,,,,"Gm7, Gm7, D7, D7, Fm6, Fm6, E^7, Eb^7, Eb^7, Cm7, D7, Bb^7, Bb^7, A7, A7, D^7, Ab7, Gm7, Gm7, D7, D7, Fm6, Fm6, E^7, Eb^7, Eb^7, Cm7, C#o7, Gm, Eb^7, Cm7, Ebm7, D7, Gm7, Ebm7",|Gm7|Gm7|D7|D7|Fm6|Fm6 E^7|Eb^7|Eb^7|Cm7|D7|Bb^7|Bb^7|A7|A7|D^7|Ab7|Gm7|Gm7|D7|D7|Fm6|Fm6 E^7|Eb^7|Eb^7|Cm7|C#o7|Gm|Eb^7|Cm7|Ebm7 D7|Gm7|Ebm7|,1,"Jobim, Antonio Carlos"
